{"cameraMode":{"drawMode":0,"name":"Shaded","section":"Shading Mode"},"sceneLighting":false,"audioPlay":false,"sceneViewState":{"m_AlwaysRefresh":false,"showFog":true,"showSkybox":false,"showFlares":true,"showImageEffects":true,"showParticleSystems":true,"showVisualEffectGraphs":true,"m_FxEnabled":true},"in2DMode":false,"pivot":{"x":0.30630549788475039,"y":0.7500047087669373,"z":1.6716806888580323},"rotation":{"x":-0.2379295825958252,"y":0.7412264943122864,"z":-0.33047300577163699,"w":-0.5336414575576782},"size":3.066864490509033,"orthographic":true}