{"cameraMode":{"drawMode":0,"name":"Shaded","section":"Shading Mode"},"sceneLighting":true,"audioPlay":false,"sceneViewState":{"m_AlwaysRefresh":false,"showFog":true,"showSkybox":true,"showFlares":true,"showImageEffects":true,"showParticleSystems":true,"showVisualEffectGraphs":true,"m_FxEnabled":true},"in2DMode":false,"pivot":{"x":-1.5262805223464966,"y":1.530214548110962,"z":5.6638970375061039},"rotation":{"x":-0.04740433394908905,"y":-0.15459178388118745,"z":0.007423992734402418,"w":-0.9868156909942627},"size":1.6689252853393555,"orthographic":true}